{"cameraMode":{"drawMode":0,"name":"Shaded","section":"Shading Mode"},"sceneLighting":false,"audioPlay":false,"sceneViewState":{"showFog":false,"showMaterialUpdate":false,"showSkybox":false,"showFlares":false,"showImageEffects":false,"showParticleSystems":false},"in2DMode":false,"pivot":{"x":0.362518310546875,"y":-2.81373929977417,"z":0.38247165083885195},"rotation":{"x":-0.456108033657074,"y":0.5402976274490356,"z":-0.45584216713905337,"w":-0.5406265258789063},"size":13.16141414642334,"orthographic":false}